suburb_number_alphabetical,suburb,postcode,sales_price_growth_pct_yoy,median_house_price_aud,rental_price_growth_pct_yoy,median_house_rent_per_week_aud,source_url,data_status,notes,source_methodology_note
196,Maddington,6109,17.9,725000,9.5,690,https://reiwa.com.au/suburb/maddington/,verified_REIWA_quick_stats,REIWA quick stats; rounded values converted from K/M display where applicable.,REIWA suburb quick stats. Sales data is annual up to latest completed month; rental data is year-on-year 3-month rolling up to latest completed month. Most pages accessed 21 May 2026 with 12 months ending Apr 2026; rows note exceptions.
197,Madeley,6065,21.6,1130000,6.7,800,https://reiwa.com.au/suburb/madeley/,verified_REIWA_quick_stats,REIWA quick stats; rounded values converted from K/M display where applicable.,REIWA suburb quick stats. Sales data is annual up to latest completed month; rental data is year-on-year 3-month rolling up to latest completed month. Most pages accessed 21 May 2026 with 12 months ending Apr 2026; rows note exceptions.
198,Mahogany Creek,6072,-8.2,873000,,,https://reiwa.com.au/suburb/mahogany-creek/,verified_REIWA_quick_stats,REIWA quick stats showed insufficient/NA house rental data.,REIWA suburb quick stats. Sales data is annual up to latest completed month; rental data is year-on-year 3-month rolling up to latest completed month. Most pages accessed 21 May 2026 with 12 months ending Apr 2026; rows note exceptions.
199,Maida Vale,6057,16.9,938000,21.4,850,https://reiwa.com.au/suburb/maida-vale/,verified_REIWA_quick_stats,REIWA quick stats; rounded values converted from K/M display where applicable.,REIWA suburb quick stats. Sales data is annual up to latest completed month; rental data is year-on-year 3-month rolling up to latest completed month. Most pages accessed 21 May 2026 with 12 months ending Apr 2026; rows note exceptions.
200,Malaga,6090,,,,,https://reiwa.com.au/suburb/malaga/,verified_REIWA_NA,REIWA quick stats showed insufficient/NA house data.,REIWA suburb quick stats. Sales data is annual up to latest completed month; rental data is year-on-year 3-month rolling up to latest completed month. Most pages accessed 21 May 2026 with 12 months ending Apr 2026; rows note exceptions.
201,Mandogalup,6167,17.4,960000,5.4,780,https://reiwa.com.au/suburb/mandogalup/,verified_REIWA_quick_stats,REIWA quick stats; rounded values converted from K/M display where applicable.,REIWA suburb quick stats. Sales data is annual up to latest completed month; rental data is year-on-year 3-month rolling up to latest completed month. Most pages accessed 21 May 2026 with 12 months ending Apr 2026; rows note exceptions.
202,Manning,6152,19.6,1560000,9.1,900,https://reiwa.com.au/suburb/manning/,verified_REIWA_quick_stats,REIWA quick stats; rounded values converted from K/M display where applicable.,REIWA suburb quick stats. Sales data is annual up to latest completed month; rental data is year-on-year 3-month rolling up to latest completed month. Most pages accessed 21 May 2026 with 12 months ending Apr 2026; rows note exceptions.
203,Marangaroo,6064,20.4,915000,11.9,750,https://reiwa.com.au/suburb/marangaroo/,verified_REIWA_quick_stats,REIWA quick stats.,REIWA suburb quick stats. Sales data is annual up to latest completed month; rental data is year-on-year 3-month rolling up to latest completed month. Most pages accessed 21 May 2026 with 12 months ending Apr 2026; rows note exceptions.
204,Mardella,6125,,,,,https://reiwa.com.au/suburb/mardella/,verified_REIWA_NA,REIWA quick stats showed insufficient/NA house data.,REIWA suburb quick stats. Sales data is annual up to latest completed month; rental data is year-on-year 3-month rolling up to latest completed month. Most pages accessed 21 May 2026 with 12 months ending Apr 2026; rows note exceptions.
205,Mariginiup,6078,,,,1395,https://reiwa.com.au/suburb/mariginiup/,verified_REIWA_quick_stats,REIWA quick stats showed NA sales data but a median rental price was displayed.,REIWA suburb quick stats. Sales data is annual up to latest completed month; rental data is year-on-year 3-month rolling up to latest completed month. Most pages accessed 21 May 2026 with 12 months ending Apr 2026; rows note exceptions.
206,Marmion,6020,37.1,2300000,,1500,https://reiwa.com.au/suburb/marmion/,verified_REIWA_quick_stats,REIWA quick stats; rental growth was N/A but median rental price was displayed.,REIWA suburb quick stats. Sales data is annual up to latest completed month; rental data is year-on-year 3-month rolling up to latest completed month. Most pages accessed 21 May 2026 with 12 months ending Apr 2026; rows note exceptions.
207,Martin,6110,3.7,778000,-5.6,670,https://reiwa.com.au/suburb/martin/,verified_REIWA_quick_stats,REIWA quick stats.,REIWA suburb quick stats. Sales data is annual up to latest completed month; rental data is year-on-year 3-month rolling up to latest completed month. Most pages accessed 21 May 2026 with 12 months ending Apr 2026; rows note exceptions.
208,Maylands,6051,30.6,1210000,-1.3,740,https://reiwa.com.au/suburb/maylands/,verified_REIWA_quick_stats,REIWA quick stats; rounded values converted from K/M display where applicable.,REIWA suburb quick stats. Sales data is annual up to latest completed month; rental data is year-on-year 3-month rolling up to latest completed month. Most pages accessed 21 May 2026 with 12 months ending Apr 2026; rows note exceptions.
209,Medina,6167,19.7,655000,-0.9,550,https://reiwa.com.au/suburb/medina/,verified_REIWA_quick_stats,REIWA quick stats.,REIWA suburb quick stats. Sales data is annual up to latest completed month; rental data is year-on-year 3-month rolling up to latest completed month. Most pages accessed 21 May 2026 with 12 months ending Apr 2026; rows note exceptions.
210,Melaleuca,,,,,,https://reiwa.com.au/suburb/melaleuca/,page_error_or_not_available,REIWA page did not return usable quick stats in this run; left as N/A rather than estimating.,REIWA suburb quick stats. Sales data is annual up to latest completed month; rental data is year-on-year 3-month rolling up to latest completed month. Most pages accessed 21 May 2026 with 12 months ending Apr 2026; rows note exceptions.
211,Melville,6156,16.0,1600000,20.7,905,https://reiwa.com.au/suburb/melville/,verified_REIWA_quick_stats,REIWA quick stats; rounded values converted from K/M display where applicable.,REIWA suburb quick stats. Sales data is annual up to latest completed month; rental data is year-on-year 3-month rolling up to latest completed month. Most pages accessed 21 May 2026 with 12 months ending Apr 2026; rows note exceptions.
212,Menora,6050,40.5,2470000,,,https://reiwa.com.au/suburb/menora/,verified_REIWA_quick_stats,REIWA quick stats showed insufficient/NA house rental data.,REIWA suburb quick stats. Sales data is annual up to latest completed month; rental data is year-on-year 3-month rolling up to latest completed month. Most pages accessed 21 May 2026 with 12 months ending Apr 2026; rows note exceptions.
213,Merriwa,6030,14.1,770000,7.7,700,https://reiwa.com.au/suburb/merriwa/,verified_REIWA_quick_stats,REIWA quick stats.,REIWA suburb quick stats. Sales data is annual up to latest completed month; rental data is year-on-year 3-month rolling up to latest completed month. Most pages accessed 21 May 2026 with 12 months ending Apr 2026; rows note exceptions.
214,Middle Swan,6056,24.4,740000,11.7,670,https://reiwa.com.au/suburb/middle-swan/,verified_REIWA_quick_stats,REIWA quick stats.,REIWA suburb quick stats. Sales data is annual up to latest completed month; rental data is year-on-year 3-month rolling up to latest completed month. Most pages accessed 21 May 2026 with 12 months ending Apr 2026; rows note exceptions.
215,Midland,6056,21.6,681000,10.2,650,https://reiwa.com.au/suburb/midland/,verified_REIWA_quick_stats,REIWA quick stats.,REIWA suburb quick stats. Sales data is annual up to latest completed month; rental data is year-on-year 3-month rolling up to latest completed month. Most pages accessed 21 May 2026 with 12 months ending Apr 2026; rows note exceptions.
216,Midvale,6056,21.5,735000,22.5,750,https://reiwa.com.au/suburb/midvale/,verified_REIWA_quick_stats,REIWA quick stats.,REIWA suburb quick stats. Sales data is annual up to latest completed month; rental data is year-on-year 3-month rolling up to latest completed month. Most pages accessed 21 May 2026 with 12 months ending Apr 2026; rows note exceptions.
217,Millendon,6056,,,,,https://reiwa.com.au/suburb/millendon/,verified_REIWA_NA,REIWA quick stats showed insufficient/NA house data.,REIWA suburb quick stats. Sales data is annual up to latest completed month; rental data is year-on-year 3-month rolling up to latest completed month. Most pages accessed 21 May 2026 with 12 months ending Apr 2026; rows note exceptions.
218,Mindarie,6030,15.4,1350000,28.3,1112,https://reiwa.com.au/suburb/mindarie/,verified_REIWA_quick_stats,REIWA quick stats; rounded values converted from K/M display where applicable.,REIWA suburb quick stats. Sales data is annual up to latest completed month; rental data is year-on-year 3-month rolling up to latest completed month. Most pages accessed 21 May 2026 with 12 months ending Apr 2026; rows note exceptions.
219,Mirrabooka,6061,18.1,793000,14.4,700,https://reiwa.com.au/suburb/mirrabooka/,verified_REIWA_quick_stats,REIWA quick stats.,REIWA suburb quick stats. Sales data is annual up to latest completed month; rental data is year-on-year 3-month rolling up to latest completed month. Most pages accessed 21 May 2026 with 12 months ending Apr 2026; rows note exceptions.
220,Morley,6062,15.0,920000,4.2,750,https://reiwa.com.au/suburb/morley/,verified_REIWA_quick_stats,REIWA quick stats.,REIWA suburb quick stats. Sales data is annual up to latest completed month; rental data is year-on-year 3-month rolling up to latest completed month. Most pages accessed 21 May 2026 with 12 months ending Apr 2026; rows note exceptions.
221,Mosman Park,6012,32.9,2950000,19.0,1050,https://reiwa.com.au/suburb/mosman-park/,verified_REIWA_quick_stats,REIWA quick stats; rounded values converted from K/M display where applicable.,REIWA suburb quick stats. Sales data is annual up to latest completed month; rental data is year-on-year 3-month rolling up to latest completed month. Most pages accessed 21 May 2026 with 12 months ending Apr 2026; rows note exceptions.
222,Mount Claremont,6010,7.0,2300000,20.8,1450,https://reiwa.com.au/suburb/mount-claremont/,verified_REIWA_quick_stats,REIWA quick stats; rounded values converted from K/M display where applicable.,REIWA suburb quick stats. Sales data is annual up to latest completed month; rental data is year-on-year 3-month rolling up to latest completed month. Most pages accessed 21 May 2026 with 12 months ending Apr 2026; rows note exceptions.
223,Mount Hawthorn,6016,13.8,1770000,50.0,1200,https://reiwa.com.au/suburb/mount-hawthorn/,verified_REIWA_quick_stats,REIWA quick stats; rounded values converted from K/M display where applicable.,REIWA suburb quick stats. Sales data is annual up to latest completed month; rental data is year-on-year 3-month rolling up to latest completed month. Most pages accessed 21 May 2026 with 12 months ending Apr 2026; rows note exceptions.
224,Mount Helena,6082,10.8,920000,1.4,710,https://reiwa.com.au/suburb/mount-helena/,verified_REIWA_quick_stats,REIWA quick stats.,REIWA suburb quick stats. Sales data is annual up to latest completed month; rental data is year-on-year 3-month rolling up to latest completed month. Most pages accessed 21 May 2026 with 12 months ending Apr 2026; rows note exceptions.
225,Mount Lawley,6050,17.6,1810000,2.9,875,https://reiwa.com.au/suburb/mount-lawley/,verified_REIWA_quick_stats,REIWA quick stats; rounded values converted from K/M display where applicable.,REIWA suburb quick stats. Sales data is annual up to latest completed month; rental data is year-on-year 3-month rolling up to latest completed month. Most pages accessed 21 May 2026 with 12 months ending Apr 2026; rows note exceptions.
226,Mount Nasura,6112,33.1,865000,-0.8,620,https://reiwa.com.au/suburb/mount-nasura/,verified_REIWA_quick_stats,REIWA quick stats.,REIWA suburb quick stats. Sales data is annual up to latest completed month; rental data is year-on-year 3-month rolling up to latest completed month. Most pages accessed 21 May 2026 with 12 months ending Apr 2026; rows note exceptions.
227,Mount Pleasant,6153,22.5,2220000,-4.6,880,https://reiwa.com.au/suburb/mount-pleasant/,verified_REIWA_quick_stats,REIWA quick stats; rounded values converted from K/M display where applicable.,REIWA suburb quick stats. Sales data is annual up to latest completed month; rental data is year-on-year 3-month rolling up to latest completed month. Most pages accessed 21 May 2026 with 12 months ending Apr 2026; rows note exceptions.
228,Mount Richon,6112,19.0,875000,-16.1,600,https://reiwa.com.au/suburb/mount-richon/,verified_REIWA_quick_stats,REIWA quick stats.,REIWA suburb quick stats. Sales data is annual up to latest completed month; rental data is year-on-year 3-month rolling up to latest completed month. Most pages accessed 21 May 2026 with 12 months ending Apr 2026; rows note exceptions.
229,Mullaloo,6027,7.3,1360000,14.4,900,https://reiwa.com.au/suburb/mullaloo/,verified_REIWA_quick_stats,REIWA quick stats; rounded values converted from K/M display where applicable.,REIWA suburb quick stats. Sales data is annual up to latest completed month; rental data is year-on-year 3-month rolling up to latest completed month. Most pages accessed 21 May 2026 with 12 months ending Apr 2026; rows note exceptions.
230,Mundaring,6073,9.4,989000,,,https://reiwa.com.au/suburb/mundaring/,verified_REIWA_quick_stats,REIWA quick stats showed insufficient/NA house rental data.,REIWA suburb quick stats. Sales data is annual up to latest completed month; rental data is year-on-year 3-month rolling up to latest completed month. Most pages accessed 21 May 2026 with 12 months ending Apr 2026; rows note exceptions.
231,Mundijong,6123,17.0,818000,5.9,720,https://reiwa.com.au/suburb/mundijong/,verified_REIWA_quick_stats,REIWA quick stats.,REIWA suburb quick stats. Sales data is annual up to latest completed month; rental data is year-on-year 3-month rolling up to latest completed month. Most pages accessed 21 May 2026 with 12 months ending Apr 2026; rows note exceptions.
232,Munster,6166,,,,,https://reiwa.com.au/suburb/munster/,verified_REIWA_NA,REIWA quick stats showed insufficient/NA house data.,REIWA suburb quick stats. Sales data is annual up to latest completed month; rental data is year-on-year 3-month rolling up to latest completed month. Most pages accessed 21 May 2026 with 12 months ending Apr 2026; rows note exceptions.
233,Murdoch,6150,11.7,1340000,1.4,862,https://reiwa.com.au/suburb/murdoch/,verified_REIWA_quick_stats,REIWA quick stats; rounded values converted from K/M display where applicable.,REIWA suburb quick stats. Sales data is annual up to latest completed month; rental data is year-on-year 3-month rolling up to latest completed month. Most pages accessed 21 May 2026 with 12 months ending Apr 2026; rows note exceptions.
234,Myaree,6154,14.0,1370000,-29.6,950,https://reiwa.com.au/suburb/myaree/,verified_REIWA_quick_stats,REIWA quick stats; rounded values converted from K/M display where applicable.,REIWA suburb quick stats. Sales data is annual up to latest completed month; rental data is year-on-year 3-month rolling up to latest completed month. Most pages accessed 21 May 2026 with 12 months ending Apr 2026; rows note exceptions.
235,Naval Base,6165,,,,,https://reiwa.com.au/suburb/naval-base/,verified_REIWA_NA,REIWA quick stats showed insufficient/NA house data.,REIWA suburb quick stats. Sales data is annual up to latest completed month; rental data is year-on-year 3-month rolling up to latest completed month. Most pages accessed 21 May 2026 with 12 months ending Apr 2026; rows note exceptions.
236,Nedlands,6009,15.0,2750000,17.1,1300,https://reiwa.com.au/suburb/nedlands/,verified_REIWA_quick_stats,REIWA quick stats; rounded values converted from K/M display where applicable.,REIWA suburb quick stats. Sales data is annual up to latest completed month; rental data is year-on-year 3-month rolling up to latest completed month. Most pages accessed 21 May 2026 with 12 months ending Apr 2026; rows note exceptions.
237,Neerabup,6031,,,,,https://reiwa.com.au/suburb/neerabup/,verified_REIWA_NA,REIWA quick stats showed insufficient/NA house data.,REIWA suburb quick stats. Sales data is annual up to latest completed month; rental data is year-on-year 3-month rolling up to latest completed month. Most pages accessed 21 May 2026 with 12 months ending Apr 2026; rows note exceptions.
238,Nollamara,6061,21.2,800000,9.6,745,https://reiwa.com.au/suburb/nollamara/,verified_REIWA_quick_stats,REIWA quick stats.,REIWA suburb quick stats. Sales data is annual up to latest completed month; rental data is year-on-year 3-month rolling up to latest completed month. Most pages accessed 21 May 2026 with 12 months ending Apr 2026; rows note exceptions.
239,Noranda,6062,19.5,1110000,-2.1,710,https://reiwa.com.au/suburb/noranda/,verified_REIWA_quick_stats,REIWA quick stats; rounded values converted from K/M display where applicable.,REIWA suburb quick stats. Sales data is annual up to latest completed month; rental data is year-on-year 3-month rolling up to latest completed month. Most pages accessed 21 May 2026 with 12 months ending Apr 2026; rows note exceptions.
240,North Beach,6020,32.8,2130000,-5.6,850,https://reiwa.com.au/suburb/north-beach/,verified_REIWA_quick_stats,REIWA quick stats; rounded values converted from K/M display where applicable.,REIWA suburb quick stats. Sales data is annual up to latest completed month; rental data is year-on-year 3-month rolling up to latest completed month. Most pages accessed 21 May 2026 with 12 months ending Apr 2026; rows note exceptions.
241,North Coogee,6163,6.2,1880000,19.0,1250,https://reiwa.com.au/suburb/north-coogee/,verified_REIWA_quick_stats,REIWA quick stats; rounded values converted from K/M display where applicable.,REIWA suburb quick stats. Sales data is annual up to latest completed month; rental data is year-on-year 3-month rolling up to latest completed month. Most pages accessed 21 May 2026 with 12 months ending Apr 2026; rows note exceptions.
242,North Fremantle,6159,19.7,1980000,14.6,1100,https://reiwa.com.au/suburb/north-fremantle/,verified_REIWA_quick_stats,REIWA quick stats; rounded values converted from K/M display where applicable.,REIWA suburb quick stats. Sales data is annual up to latest completed month; rental data is year-on-year 3-month rolling up to latest completed month. Most pages accessed 21 May 2026 with 12 months ending Apr 2026; rows note exceptions.
243,North Lake,6163,13.5,1180000,19.3,960,https://reiwa.com.au/suburb/north-lake/,verified_REIWA_quick_stats,REIWA quick stats; rounded values converted from K/M display where applicable.,REIWA suburb quick stats. Sales data is annual up to latest completed month; rental data is year-on-year 3-month rolling up to latest completed month. Most pages accessed 21 May 2026 with 12 months ending Apr 2026; rows note exceptions.
244,North Perth,6006,18.9,1670000,20.3,950,https://reiwa.com.au/suburb/north-perth/,verified_REIWA_quick_stats,REIWA quick stats; rounded values converted from K/M display where applicable.,REIWA suburb quick stats. Sales data is annual up to latest completed month; rental data is year-on-year 3-month rolling up to latest completed month. Most pages accessed 21 May 2026 with 12 months ending Apr 2026; rows note exceptions.
245,Northbridge,6003,48.5,1250000,9.0,730,https://reiwa.com.au/suburb/northbridge/,verified_REIWA_quick_stats,REIWA quick stats; rounded values converted from K/M display where applicable.,REIWA suburb quick stats. Sales data is annual up to latest completed month; rental data is year-on-year 3-month rolling up to latest completed month. Most pages accessed 21 May 2026 with 12 months ending Apr 2026; rows note exceptions.
246,Nowergup,6032,,,,,https://reiwa.com.au/suburb/nowergup/,verified_REIWA_NA,REIWA quick stats showed insufficient/NA house data.,REIWA suburb quick stats. Sales data is annual up to latest completed month; rental data is year-on-year 3-month rolling up to latest completed month. Most pages accessed 21 May 2026 with 12 months ending Apr 2026; rows note exceptions.
247,Oakford,6121,53.8,1900000,,550,https://reiwa.com.au/suburb/oakford/,verified_REIWA_quick_stats,REIWA quick stats; rental growth was N/A but median rental price was displayed.,REIWA suburb quick stats. Sales data is annual up to latest completed month; rental data is year-on-year 3-month rolling up to latest completed month. Most pages accessed 21 May 2026 with 12 months ending Apr 2026; rows note exceptions.
248,Ocean Reef,6027,11.1,1450000,10.5,1050,https://reiwa.com.au/suburb/ocean-reef/,verified_REIWA_quick_stats,REIWA quick stats; rounded values converted from K/M display where applicable.,REIWA suburb quick stats. Sales data is annual up to latest completed month; rental data is year-on-year 3-month rolling up to latest completed month. Most pages accessed 21 May 2026 with 12 months ending Apr 2026; rows note exceptions.
249,O'Connor,6163,,,,,https://reiwa.com.au/suburb/oconnor/,page_error_or_not_available,REIWA page did not return usable quick stats in this run; left as N/A rather than estimating.,REIWA suburb quick stats. Sales data is annual up to latest completed month; rental data is year-on-year 3-month rolling up to latest completed month. Most pages accessed 21 May 2026 with 12 months ending Apr 2026; rows note exceptions.
250,Oldbury,6121,,,,,https://reiwa.com.au/suburb/oldbury/,verified_REIWA_NA,REIWA quick stats showed insufficient/NA house data.,REIWA suburb quick stats. Sales data is annual up to latest completed month; rental data is year-on-year 3-month rolling up to latest completed month. Most pages accessed 21 May 2026 with 12 months ending Apr 2026; rows note exceptions.
251,Orange Grove,6109,-20.8,1030000,,,https://reiwa.com.au/suburb/orange-grove/,verified_REIWA_quick_stats,REIWA quick stats showed insufficient/NA house rental data.,REIWA suburb quick stats. Sales data is annual up to latest completed month; rental data is year-on-year 3-month rolling up to latest completed month. Most pages accessed 21 May 2026 with 12 months ending Apr 2026; rows note exceptions.
252,Orelia,6167,15.5,690000,7.3,590,https://reiwa.com.au/suburb/orelia/,verified_REIWA_quick_stats,REIWA quick stats.,REIWA suburb quick stats. Sales data is annual up to latest completed month; rental data is year-on-year 3-month rolling up to latest completed month. Most pages accessed 21 May 2026 with 12 months ending Apr 2026; rows note exceptions.
253,Osborne Park,6017,26.1,965000,31.3,840,https://reiwa.com.au/suburb/osborne-park/,verified_REIWA_quick_stats,REIWA quick stats.,REIWA suburb quick stats. Sales data is annual up to latest completed month; rental data is year-on-year 3-month rolling up to latest completed month. Most pages accessed 21 May 2026 with 12 months ending Apr 2026; rows note exceptions.
254,Padbury,6025,13.7,1130000,8.7,750,https://reiwa.com.au/suburb/padbury/,verified_REIWA_quick_stats,REIWA quick stats; rounded values converted from K/M display where applicable.,REIWA suburb quick stats. Sales data is annual up to latest completed month; rental data is year-on-year 3-month rolling up to latest completed month. Most pages accessed 21 May 2026 with 12 months ending Apr 2026; rows note exceptions.
255,Palmyra,6157,22.3,1280000,13.3,850,https://reiwa.com.au/suburb/palmyra/,verified_REIWA_quick_stats,REIWA quick stats; rounded values converted from K/M display where applicable.,REIWA suburb quick stats. Sales data is annual up to latest completed month; rental data is year-on-year 3-month rolling up to latest completed month. Most pages accessed 21 May 2026 with 12 months ending Apr 2026; rows note exceptions.
256,Parkerville,6081,14.6,1100000,,,https://reiwa.com.au/suburb/parkerville/,verified_REIWA_quick_stats,REIWA quick stats showed insufficient/NA house rental data.,REIWA suburb quick stats. Sales data is annual up to latest completed month; rental data is year-on-year 3-month rolling up to latest completed month. Most pages accessed 21 May 2026 with 12 months ending Apr 2026; rows note exceptions.
257,Parkwood,6147,12.8,915000,22.1,800,https://reiwa.com.au/suburb/parkwood/,verified_REIWA_quick_stats,REIWA quick stats.,REIWA suburb quick stats. Sales data is annual up to latest completed month; rental data is year-on-year 3-month rolling up to latest completed month. Most pages accessed 21 May 2026 with 12 months ending Apr 2026; rows note exceptions.
258,Parmelia,6167,15.5,692000,2.1,592,https://reiwa.com.au/suburb/parmelia/,verified_REIWA_quick_stats,REIWA quick stats.,REIWA suburb quick stats. Sales data is annual up to latest completed month; rental data is year-on-year 3-month rolling up to latest completed month. Most pages accessed 21 May 2026 with 12 months ending Apr 2026; rows note exceptions.
259,Paulls Valley,6076,,,,,https://reiwa.com.au/suburb/paulls-valley/,verified_REIWA_NA,REIWA quick stats showed insufficient/NA house data.,REIWA suburb quick stats. Sales data is annual up to latest completed month; rental data is year-on-year 3-month rolling up to latest completed month. Most pages accessed 21 May 2026 with 12 months ending Apr 2026; rows note exceptions.
260,Pearsall,6065,12.9,852000,14.6,825,https://reiwa.com.au/suburb/pearsall/,verified_REIWA_quick_stats,REIWA quick stats.,REIWA suburb quick stats. Sales data is annual up to latest completed month; rental data is year-on-year 3-month rolling up to latest completed month. Most pages accessed 21 May 2026 with 12 months ending Apr 2026; rows note exceptions.
261,Peppermint Grove,6011,61.1,6300000,0.0,1650,https://reiwa.com.au/suburb/peppermint-grove/,verified_REIWA_quick_stats,REIWA quick stats; rounded values converted from K/M display where applicable.,REIWA suburb quick stats. Sales data is annual up to latest completed month; rental data is year-on-year 3-month rolling up to latest completed month. Most pages accessed 21 May 2026 with 12 months ending Apr 2026; rows note exceptions.
262,Peron,,,,,,https://reiwa.com.au/suburb/peron/,page_error_or_not_available,REIWA page did not return usable quick stats in this run; left as N/A rather than estimating.,REIWA suburb quick stats. Sales data is annual up to latest completed month; rental data is year-on-year 3-month rolling up to latest completed month. Most pages accessed 21 May 2026 with 12 months ending Apr 2026; rows note exceptions.
263,Perth,6000,9.2,1370000,12.4,800,https://reiwa.com.au/suburb/perth/,verified_REIWA_quick_stats,REIWA quick stats; rounded values converted from K/M display where applicable.,REIWA suburb quick stats. Sales data is annual up to latest completed month; rental data is year-on-year 3-month rolling up to latest completed month. Most pages accessed 21 May 2026 with 12 months ending Apr 2026; rows note exceptions.
264,Perth Airport,6105,,,,,https://reiwa.com.au/suburb/perth-airport/,verified_REIWA_NA,REIWA quick stats showed insufficient/NA house data.,REIWA suburb quick stats. Sales data is annual up to latest completed month; rental data is year-on-year 3-month rolling up to latest completed month. Most pages accessed 21 May 2026 with 12 months ending Apr 2026; rows note exceptions.
265,Piara Waters,6112,18.5,983000,10.7,830,https://reiwa.com.au/suburb/piara-waters/,verified_REIWA_quick_stats,REIWA quick stats.,REIWA suburb quick stats. Sales data is annual up to latest completed month; rental data is year-on-year 3-month rolling up to latest completed month. Most pages accessed 21 May 2026 with 12 months ending Apr 2026; rows note exceptions.
266,Pickering Brook,6076,-3.4,860000,,,https://reiwa.com.au/suburb/pickering-brook/,verified_REIWA_quick_stats,REIWA quick stats showed insufficient/NA house rental data.,REIWA suburb quick stats. Sales data is annual up to latest completed month; rental data is year-on-year 3-month rolling up to latest completed month. Most pages accessed 21 May 2026 with 12 months ending Apr 2026; rows note exceptions.
267,Piesse Brook,6076,,,,,https://reiwa.com.au/suburb/piesse-brook/,verified_REIWA_NA,REIWA quick stats showed insufficient/NA house data.,REIWA suburb quick stats. Sales data is annual up to latest completed month; rental data is year-on-year 3-month rolling up to latest completed month. Most pages accessed 21 May 2026 with 12 months ending Apr 2026; rows note exceptions.
268,Pinjar,6078,,,,,https://reiwa.com.au/suburb/pinjar/,verified_REIWA_NA,REIWA quick stats showed insufficient/NA house data.,REIWA suburb quick stats. Sales data is annual up to latest completed month; rental data is year-on-year 3-month rolling up to latest completed month. Most pages accessed 21 May 2026 with 12 months ending Apr 2026; rows note exceptions.
269,Port Kennedy,6172,15.7,810000,0.0,650,https://reiwa.com.au/suburb/port-kennedy/,verified_REIWA_quick_stats,REIWA quick stats.,REIWA suburb quick stats. Sales data is annual up to latest completed month; rental data is year-on-year 3-month rolling up to latest completed month. Most pages accessed 21 May 2026 with 12 months ending Apr 2026; rows note exceptions.
270,Postans,6167,,,,,https://reiwa.com.au/suburb/postans/,verified_REIWA_NA,REIWA quick stats showed insufficient/NA house data.,REIWA suburb quick stats. Sales data is annual up to latest completed month; rental data is year-on-year 3-month rolling up to latest completed month. Most pages accessed 21 May 2026 with 12 months ending Apr 2026; rows note exceptions.
271,Queens Park,6107,17.0,833000,11.4,780,https://reiwa.com.au/suburb/queens-park/,verified_REIWA_quick_stats,REIWA quick stats; rounded values converted from K/M display where applicable.,REIWA suburb quick stats. Sales data is annual up to latest completed month; rental data is year-on-year 3-month rolling up to latest completed month. Most pages accessed 21 May 2026 with 12 months ending Apr 2026; rows note exceptions.
272,Quinns Rocks,6030,12.4,984000,15.4,750,https://reiwa.com.au/suburb/quinns-rocks/,verified_REIWA_quick_stats,REIWA quick stats.,REIWA suburb quick stats. Sales data is annual up to latest completed month; rental data is year-on-year 3-month rolling up to latest completed month. Most pages accessed 21 May 2026 with 12 months ending Apr 2026; rows note exceptions.
273,Red Hill,6056,,,,,https://reiwa.com.au/suburb/red-hill/,verified_REIWA_NA,REIWA quick stats showed insufficient/NA house data.,REIWA suburb quick stats. Sales data is annual up to latest completed month; rental data is year-on-year 3-month rolling up to latest completed month. Most pages accessed 21 May 2026 with 12 months ending Apr 2026; rows note exceptions.
274,Redcliffe,6104,15.4,860000,4.3,730,https://reiwa.com.au/suburb/redcliffe/,verified_REIWA_quick_stats,REIWA quick stats.,REIWA suburb quick stats. Sales data is annual up to latest completed month; rental data is year-on-year 3-month rolling up to latest completed month. Most pages accessed 21 May 2026 with 12 months ending Apr 2026; rows note exceptions.
275,Reservoir,,,,,,https://reiwa.com.au/suburb/reservoir/,page_error_or_not_available,REIWA page did not return usable quick stats in this run; left as N/A rather than estimating.,REIWA suburb quick stats. Sales data is annual up to latest completed month; rental data is year-on-year 3-month rolling up to latest completed month. Most pages accessed 21 May 2026 with 12 months ending Apr 2026; rows note exceptions.
276,Ridgewood,6030,14.3,800000,5.4,680,https://reiwa.com.au/suburb/ridgewood/,verified_REIWA_quick_stats,REIWA quick stats.,REIWA suburb quick stats. Sales data is annual up to latest completed month; rental data is year-on-year 3-month rolling up to latest completed month. Most pages accessed 21 May 2026 with 12 months ending Apr 2026; rows note exceptions.
277,Riverton,6148,0.9,1210000,-5.0,760,https://reiwa.com.au/suburb/riverton/,verified_REIWA_quick_stats,REIWA quick stats; rounded values converted from K/M display where applicable.,REIWA suburb quick stats. Sales data is annual up to latest completed month; rental data is year-on-year 3-month rolling up to latest completed month. Most pages accessed 21 May 2026 with 12 months ending Apr 2026; rows note exceptions.
278,Rivervale,6103,14.3,960000,5.3,750,https://reiwa.com.au/suburb/rivervale/,verified_REIWA_quick_stats,REIWA quick stats.,REIWA suburb quick stats. Sales data is annual up to latest completed month; rental data is year-on-year 3-month rolling up to latest completed month. Most pages accessed 21 May 2026 with 12 months ending Apr 2026; rows note exceptions.
279,Rockingham,6168,18.1,830000,8.6,630,https://reiwa.com.au/suburb/rockingham/,verified_REIWA_quick_stats,REIWA quick stats.,REIWA suburb quick stats. Sales data is annual up to latest completed month; rental data is year-on-year 3-month rolling up to latest completed month. Most pages accessed 21 May 2026 with 12 months ending Apr 2026; rows note exceptions.
280,Roleystone,6111,29.4,1130000,12.3,820,https://reiwa.com.au/suburb/roleystone/,verified_REIWA_quick_stats,REIWA quick stats; rounded values converted from K/M display where applicable.,REIWA suburb quick stats. Sales data is annual up to latest completed month; rental data is year-on-year 3-month rolling up to latest completed month. Most pages accessed 21 May 2026 with 12 months ending Apr 2026; rows note exceptions.
281,Rottnest Island,6161,,,,,https://reiwa.com.au/suburb/rottnest-island/,verified_REIWA_NA,REIWA quick stats showed insufficient/NA house data.,REIWA suburb quick stats. Sales data is annual up to latest completed month; rental data is year-on-year 3-month rolling up to latest completed month. Most pages accessed 21 May 2026 with 12 months ending Apr 2026; rows note exceptions.
282,Rossmoyne,6148,14.8,2060000,60.0,1200,https://reiwa.com.au/suburb/rossmoyne/,verified_REIWA_quick_stats,REIWA quick stats; rounded values converted from K/M display where applicable.,REIWA suburb quick stats. Sales data is annual up to latest completed month; rental data is year-on-year 3-month rolling up to latest completed month. Most pages accessed 21 May 2026 with 12 months ending Apr 2026; rows note exceptions.
283,Safety Bay,6169,15.7,830000,18.6,700,https://reiwa.com.au/suburb/safety-bay/,verified_REIWA_quick_stats,REIWA quick stats.,REIWA suburb quick stats. Sales data is annual up to latest completed month; rental data is year-on-year 3-month rolling up to latest completed month. Most pages accessed 21 May 2026 with 12 months ending Apr 2026; rows note exceptions.
284,Salter Point,6152,10.5,2100000,-27.8,650,https://reiwa.com.au/suburb/salter-point/,verified_REIWA_quick_stats,REIWA quick stats; rounded values converted from K/M display where applicable.,REIWA suburb quick stats. Sales data is annual up to latest completed month; rental data is year-on-year 3-month rolling up to latest completed month. Most pages accessed 21 May 2026 with 12 months ending Apr 2026; rows note exceptions.
285,Samson,6163,30.2,1230000,-11.3,665,https://reiwa.com.au/suburb/samson/,verified_REIWA_quick_stats,REIWA quick stats; rounded values converted from K/M display where applicable.,REIWA suburb quick stats. Sales data is annual up to latest completed month; rental data is year-on-year 3-month rolling up to latest completed month. Most pages accessed 21 May 2026 with 12 months ending Apr 2026; rows note exceptions.
286,Sawyers Valley,6074,11.3,935000,,,https://reiwa.com.au/suburb/sawyers-valley/,verified_REIWA_quick_stats,REIWA quick stats showed insufficient/NA house rental data.,REIWA suburb quick stats. Sales data is annual up to latest completed month; rental data is year-on-year 3-month rolling up to latest completed month. Most pages accessed 21 May 2026 with 12 months ending Apr 2026; rows note exceptions.
287,Scarborough,6019,15.5,1450000,15.8,1100,https://reiwa.com.au/suburb/scarborough/,verified_REIWA_quick_stats,REIWA quick stats; rounded values converted from K/M display where applicable.,REIWA suburb quick stats. Sales data is annual up to latest completed month; rental data is year-on-year 3-month rolling up to latest completed month. Most pages accessed 21 May 2026 with 12 months ending Apr 2026; rows note exceptions.
288,Secret Harbour,6173,15.0,920000,4.9,682,https://reiwa.com.au/suburb/secret-harbour/,verified_REIWA_quick_stats,REIWA quick stats.,REIWA suburb quick stats. Sales data is annual up to latest completed month; rental data is year-on-year 3-month rolling up to latest completed month. Most pages accessed 21 May 2026 with 12 months ending Apr 2026; rows note exceptions.
289,Serpentine,6125,38.7,1210000,,,https://reiwa.com.au/suburb/serpentine/,verified_REIWA_quick_stats,REIWA quick stats showed insufficient/NA house rental data.,REIWA suburb quick stats. Sales data is annual up to latest completed month; rental data is year-on-year 3-month rolling up to latest completed month. Most pages accessed 21 May 2026 with 12 months ending Apr 2026; rows note exceptions.
290,Seville Grove,6112,13.0,735000,7.7,700,https://reiwa.com.au/suburb/seville-grove/,verified_REIWA_quick_stats,REIWA quick stats.,REIWA suburb quick stats. Sales data is annual up to latest completed month; rental data is year-on-year 3-month rolling up to latest completed month. Most pages accessed 21 May 2026 with 12 months ending Apr 2026; rows note exceptions.
291,Shelley,6148,4.6,1630000,15.6,925,https://reiwa.com.au/suburb/shelley/,verified_REIWA_quick_stats,REIWA quick stats; rounded values converted from K/M display where applicable.,REIWA suburb quick stats. Sales data is annual up to latest completed month; rental data is year-on-year 3-month rolling up to latest completed month. Most pages accessed 21 May 2026 with 12 months ending Apr 2026; rows note exceptions.
292,Shenton Park,6008,3.3,2290000,6.4,1250,https://reiwa.com.au/suburb/shenton-park/,verified_REIWA_quick_stats,REIWA quick stats; rounded values converted from K/M display where applicable.,REIWA suburb quick stats. Sales data is annual up to latest completed month; rental data is year-on-year 3-month rolling up to latest completed month. Most pages accessed 21 May 2026 with 12 months ending Apr 2026; rows note exceptions.
293,Shoalwater,6169,11.3,875000,4.3,610,https://reiwa.com.au/suburb/shoalwater/,verified_REIWA_quick_stats,REIWA quick stats.,REIWA suburb quick stats. Sales data is annual up to latest completed month; rental data is year-on-year 3-month rolling up to latest completed month. Most pages accessed 21 May 2026 with 12 months ending Apr 2026; rows note exceptions.
294,Sinagra,6065,18.9,916000,18.5,800,https://reiwa.com.au/suburb/sinagra/,verified_REIWA_quick_stats,REIWA quick stats.,REIWA suburb quick stats. Sales data is annual up to latest completed month; rental data is year-on-year 3-month rolling up to latest completed month. Most pages accessed 21 May 2026 with 12 months ending Apr 2026; rows note exceptions.
295,Singleton,6175,15.4,924000,5.2,670,https://reiwa.com.au/suburb/singleton/,verified_REIWA_quick_stats,REIWA quick stats.,REIWA suburb quick stats. Sales data is annual up to latest completed month; rental data is year-on-year 3-month rolling up to latest completed month. Most pages accessed 21 May 2026 with 12 months ending Apr 2026; rows note exceptions.
296,Sorrento,6020,17.9,1980000,-13.0,1000,https://reiwa.com.au/suburb/sorrento/,verified_REIWA_quick_stats,REIWA quick stats; rounded values converted from K/M display where applicable.,REIWA suburb quick stats. Sales data is annual up to latest completed month; rental data is year-on-year 3-month rolling up to latest completed month. Most pages accessed 21 May 2026 with 12 months ending Apr 2026; rows note exceptions.
297,South Fremantle,6162,12.5,1800000,20.0,1200,https://reiwa.com.au/suburb/south-fremantle/,verified_REIWA_quick_stats,REIWA quick stats; rounded values converted from K/M display where applicable.,REIWA suburb quick stats. Sales data is annual up to latest completed month; rental data is year-on-year 3-month rolling up to latest completed month. Most pages accessed 21 May 2026 with 12 months ending Apr 2026; rows note exceptions.
298,South Guildford,6055,15.5,970000,6.3,850,https://reiwa.com.au/suburb/south-guildford/,verified_REIWA_quick_stats,REIWA quick stats.,REIWA suburb quick stats. Sales data is annual up to latest completed month; rental data is year-on-year 3-month rolling up to latest completed month. Most pages accessed 21 May 2026 with 12 months ending Apr 2026; rows note exceptions.
299,South Lake,6164,15.6,860000,-5.6,670,https://reiwa.com.au/suburb/south-lake/,verified_REIWA_quick_stats,REIWA quick stats.,REIWA suburb quick stats. Sales data is annual up to latest completed month; rental data is year-on-year 3-month rolling up to latest completed month. Most pages accessed 21 May 2026 with 12 months ending Apr 2026; rows note exceptions.
300,South Perth,6151,17.9,2340000,0.0,850,https://reiwa.com.au/suburb/south-perth/,verified_REIWA_quick_stats,REIWA quick stats; rounded values converted from K/M display where applicable.,REIWA suburb quick stats. Sales data is annual up to latest completed month; rental data is year-on-year 3-month rolling up to latest completed month. Most pages accessed 21 May 2026 with 12 months ending Apr 2026; rows note exceptions.
301,Southern River,6110,12.3,1010000,9.7,850,https://reiwa.com.au/suburb/southern-river/,verified_REIWA_quick_stats,REIWA quick stats; rounded values converted from K/M display where applicable.,REIWA suburb quick stats. Sales data is annual up to latest completed month; rental data is year-on-year 3-month rolling up to latest completed month. Most pages accessed 21 May 2026 with 12 months ending Apr 2026; rows note exceptions.
302,Spearwood,6163,10.7,935000,5.7,740,https://reiwa.com.au/suburb/spearwood/,verified_REIWA_quick_stats,REIWA quick stats.,REIWA suburb quick stats. Sales data is annual up to latest completed month; rental data is year-on-year 3-month rolling up to latest completed month. Most pages accessed 21 May 2026 with 12 months ending Apr 2026; rows note exceptions.
303,St James,6102,5.7,875000,1.4,710,https://reiwa.com.au/suburb/st-james/,verified_REIWA_quick_stats,REIWA quick stats.,REIWA suburb quick stats. Sales data is annual up to latest completed month; rental data is year-on-year 3-month rolling up to latest completed month. Most pages accessed 21 May 2026 with 12 months ending Apr 2026; rows note exceptions.
304,Stirling,6021,9.4,1430000,13.5,1050,https://reiwa.com.au/suburb/stirling/,verified_REIWA_quick_stats,REIWA quick stats; rounded values converted from K/M display where applicable.,REIWA suburb quick stats. Sales data is annual up to latest completed month; rental data is year-on-year 3-month rolling up to latest completed month. Most pages accessed 21 May 2026 with 12 months ending Apr 2026; rows note exceptions.
305,Stoneville,6081,16.6,965000,,,https://reiwa.com.au/suburb/stoneville/,verified_REIWA_quick_stats,REIWA quick stats showed insufficient/NA house rental data.,REIWA suburb quick stats. Sales data is annual up to latest completed month; rental data is year-on-year 3-month rolling up to latest completed month. Most pages accessed 21 May 2026 with 12 months ending Apr 2026; rows note exceptions.
306,Stratton,6056,14.2,685000,21.8,670,https://reiwa.com.au/suburb/stratton/,verified_REIWA_quick_stats,REIWA quick stats.,REIWA suburb quick stats. Sales data is annual up to latest completed month; rental data is year-on-year 3-month rolling up to latest completed month. Most pages accessed 21 May 2026 with 12 months ending Apr 2026; rows note exceptions.
307,Subiaco,6008,13.6,2230000,11.6,1200,https://reiwa.com.au/suburb/subiaco/,verified_REIWA_quick_stats,REIWA quick stats; rounded values converted from K/M display where applicable.,REIWA suburb quick stats. Sales data is annual up to latest completed month; rental data is year-on-year 3-month rolling up to latest completed month. Most pages accessed 21 May 2026 with 12 months ending Apr 2026; rows note exceptions.
308,Success,6164,13.3,918000,4.0,780,https://reiwa.com.au/suburb/success/,verified_REIWA_quick_stats,REIWA quick stats.,REIWA suburb quick stats. Sales data is annual up to latest completed month; rental data is year-on-year 3-month rolling up to latest completed month. Most pages accessed 21 May 2026 with 12 months ending Apr 2026; rows note exceptions.
309,Swan View,6056,18.9,785000,13.6,712,https://reiwa.com.au/suburb/swan-view/,verified_REIWA_quick_stats,REIWA quick stats.,REIWA suburb quick stats. Sales data is annual up to latest completed month; rental data is year-on-year 3-month rolling up to latest completed month. Most pages accessed 21 May 2026 with 12 months ending Apr 2026; rows note exceptions.
310,Swanbourne,6010,-6.1,2680000,28.1,2050,https://reiwa.com.au/suburb/swanbourne/,verified_REIWA_quick_stats,REIWA quick stats; rounded values converted from K/M display where applicable.,REIWA suburb quick stats. Sales data is annual up to latest completed month; rental data is year-on-year 3-month rolling up to latest completed month. Most pages accessed 21 May 2026 with 12 months ending Apr 2026; rows note exceptions.
311,Tamala Park,6030,,,,,https://reiwa.com.au/suburb/tamala-park/,verified_REIWA_NA,REIWA quick stats showed insufficient/NA house data.,REIWA suburb quick stats. Sales data is annual up to latest completed month; rental data is year-on-year 3-month rolling up to latest completed month. Most pages accessed 21 May 2026 with 12 months ending Apr 2026; rows note exceptions.
312,Tapping,6065,16.0,980000,6.7,800,https://reiwa.com.au/suburb/tapping/,verified_REIWA_quick_stats,REIWA quick stats.,REIWA suburb quick stats. Sales data is annual up to latest completed month; rental data is year-on-year 3-month rolling up to latest completed month. Most pages accessed 21 May 2026 with 12 months ending Apr 2026; rows note exceptions.
313,The Lakes,6556,,,,,https://reiwa.com.au/suburb/the-lakes/,verified_REIWA_NA,REIWA quick stats showed insufficient/NA house data.,REIWA suburb quick stats. Sales data is annual up to latest completed month; rental data is year-on-year 3-month rolling up to latest completed month. Most pages accessed 21 May 2026 with 12 months ending Apr 2026; rows note exceptions.
314,The Spectacles,6167,,,,,https://reiwa.com.au/suburb/the-spectacles/,verified_REIWA_NA,REIWA quick stats showed insufficient/NA house data.,REIWA suburb quick stats. Sales data is annual up to latest completed month; rental data is year-on-year 3-month rolling up to latest completed month. Most pages accessed 21 May 2026 with 12 months ending Apr 2026; rows note exceptions.
315,The Vines,6069,-0.2,1110000,16.4,850,https://reiwa.com.au/suburb/the-vines/,verified_REIWA_quick_stats,REIWA quick stats; rounded values converted from K/M display where applicable.,REIWA suburb quick stats. Sales data is annual up to latest completed month; rental data is year-on-year 3-month rolling up to latest completed month. Most pages accessed 21 May 2026 with 12 months ending Apr 2026; rows note exceptions.
316,Thornlie,6108,18.6,830000,4.5,700,https://reiwa.com.au/suburb/thornlie/,verified_REIWA_quick_stats,REIWA quick stats.,REIWA suburb quick stats. Sales data is annual up to latest completed month; rental data is year-on-year 3-month rolling up to latest completed month. Most pages accessed 21 May 2026 with 12 months ending Apr 2026; rows note exceptions.
317,Treeby,6164,15.1,980000,6.4,830,https://reiwa.com.au/suburb/treeby/,verified_REIWA_quick_stats,REIWA quick stats.,REIWA suburb quick stats. Sales data is annual up to latest completed month; rental data is year-on-year 3-month rolling up to latest completed month. Most pages accessed 21 May 2026 with 12 months ending Apr 2026; rows note exceptions.
318,Trigg,6029,22.4,2820000,36.8,1300,https://reiwa.com.au/suburb/trigg/,verified_REIWA_quick_stats,REIWA quick stats; rounded values converted from K/M display where applicable.,REIWA suburb quick stats. Sales data is annual up to latest completed month; rental data is year-on-year 3-month rolling up to latest completed month. Most pages accessed 21 May 2026 with 12 months ending Apr 2026; rows note exceptions.
319,Tuart Hill,6060,17.5,955000,0.7,700,https://reiwa.com.au/suburb/tuart-hill/,verified_REIWA_quick_stats,REIWA quick stats.,REIWA suburb quick stats. Sales data is annual up to latest completed month; rental data is year-on-year 3-month rolling up to latest completed month. Most pages accessed 21 May 2026 with 12 months ending Apr 2026; rows note exceptions.
320,Two Rocks,6037,16.6,758000,3.3,620,https://reiwa.com.au/suburb/two-rocks/,verified_REIWA_quick_stats,REIWA quick stats.,REIWA suburb quick stats. Sales data is annual up to latest completed month; rental data is year-on-year 3-month rolling up to latest completed month. Most pages accessed 21 May 2026 with 12 months ending Apr 2026; rows note exceptions.
321,Upper Swan,6069,1.1,880000,11.1,800,https://reiwa.com.au/suburb/upper-swan/,verified_REIWA_quick_stats,REIWA quick stats.,REIWA suburb quick stats. Sales data is annual up to latest completed month; rental data is year-on-year 3-month rolling up to latest completed month. Most pages accessed 21 May 2026 with 12 months ending Apr 2026; rows note exceptions.
322,Victoria Park,6100,14.5,1140000,-0.9,750,https://reiwa.com.au/suburb/victoria-park/,verified_REIWA_quick_stats,REIWA quick stats; rounded values converted from K/M display where applicable.,REIWA suburb quick stats. Sales data is annual up to latest completed month; rental data is year-on-year 3-month rolling up to latest completed month. Most pages accessed 21 May 2026 with 12 months ending Apr 2026; rows note exceptions.
323,Viveash,6056,47.8,843000,0.0,800,https://reiwa.com.au/suburb/viveash/,verified_REIWA_quick_stats,REIWA quick stats.,REIWA suburb quick stats. Sales data is annual up to latest completed month; rental data is year-on-year 3-month rolling up to latest completed month. Most pages accessed 21 May 2026 with 12 months ending Apr 2026; rows note exceptions.
324,Waikiki,6169,14.2,785000,4.8,650,https://reiwa.com.au/suburb/waikiki/,verified_REIWA_quick_stats,REIWA quick stats.,REIWA suburb quick stats. Sales data is annual up to latest completed month; rental data is year-on-year 3-month rolling up to latest completed month. Most pages accessed 21 May 2026 with 12 months ending Apr 2026; rows note exceptions.
325,Walliston,6076,33.6,915000,,800,https://reiwa.com.au/suburb/walliston/,verified_REIWA_quick_stats,REIWA quick stats; rental growth was N/A but median rental price was displayed.,REIWA suburb quick stats. Sales data is annual up to latest completed month; rental data is year-on-year 3-month rolling up to latest completed month. Most pages accessed 21 May 2026 with 12 months ending Apr 2026; rows note exceptions.
326,Wandi,6167,13.6,855000,14.7,780,https://reiwa.com.au/suburb/wandi/,verified_REIWA_quick_stats,REIWA quick stats.,REIWA suburb quick stats. Sales data is annual up to latest completed month; rental data is year-on-year 3-month rolling up to latest completed month. Most pages accessed 21 May 2026 with 12 months ending Apr 2026; rows note exceptions.
327,Wangara,6065,,,,,https://reiwa.com.au/suburb/wangara/,verified_REIWA_NA,REIWA quick stats showed insufficient/NA house data.,REIWA suburb quick stats. Sales data is annual up to latest completed month; rental data is year-on-year 3-month rolling up to latest completed month. Most pages accessed 21 May 2026 with 12 months ending Apr 2026; rows note exceptions.
328,Wanneroo,6065,17.9,861000,7.7,700,https://reiwa.com.au/suburb/wanneroo/,verified_REIWA_quick_stats,REIWA quick stats.,REIWA suburb quick stats. Sales data is annual up to latest completed month; rental data is year-on-year 3-month rolling up to latest completed month. Most pages accessed 21 May 2026 with 12 months ending Apr 2026; rows note exceptions.
329,Warnbro,6169,16.8,770000,6.7,640,https://reiwa.com.au/suburb/warnbro/,verified_REIWA_quick_stats,REIWA quick stats.,REIWA suburb quick stats. Sales data is annual up to latest completed month; rental data is year-on-year 3-month rolling up to latest completed month. Most pages accessed 21 May 2026 with 12 months ending Apr 2026; rows note exceptions.
330,Warwick,6024,22.7,1060000,0.0,750,https://reiwa.com.au/suburb/warwick/,verified_REIWA_quick_stats,REIWA quick stats; rounded values converted from K/M display where applicable.,REIWA suburb quick stats. Sales data is annual up to latest completed month; rental data is year-on-year 3-month rolling up to latest completed month. Most pages accessed 21 May 2026 with 12 months ending Apr 2026; rows note exceptions.
331,Waterford,6152,0.5,1700000,-22.7,850,https://reiwa.com.au/suburb/waterford/,verified_REIWA_quick_stats,REIWA quick stats; rounded values converted from K/M display where applicable.,REIWA suburb quick stats. Sales data is annual up to latest completed month; rental data is year-on-year 3-month rolling up to latest completed month. Most pages accessed 21 May 2026 with 12 months ending Apr 2026; rows note exceptions.
332,Watermans Bay,6020,26.7,2850000,5.0,900,https://reiwa.com.au/suburb/watermans-bay/,verified_REIWA_quick_stats,REIWA quick stats; rounded values converted from K/M display where applicable.,REIWA suburb quick stats. Sales data is annual up to latest completed month; rental data is year-on-year 3-month rolling up to latest completed month. Most pages accessed 21 May 2026 with 12 months ending Apr 2026; rows note exceptions.
333,Wattle Grove,6107,5.5,960000,9.0,850,https://reiwa.com.au/suburb/wattle-grove/,verified_REIWA_quick_stats,REIWA quick stats.,REIWA suburb quick stats. Sales data is annual up to latest completed month; rental data is year-on-year 3-month rolling up to latest completed month. Most pages accessed 21 May 2026 with 12 months ending Apr 2026; rows note exceptions.
334,Wattleup,6166,,1200000,,,https://reiwa.com.au/suburb/wattleup/,verified_REIWA_quick_stats,REIWA quick stats showed median sales price but N/A growth and rental data.,REIWA suburb quick stats. Sales data is annual up to latest completed month; rental data is year-on-year 3-month rolling up to latest completed month. Most pages accessed 21 May 2026 with 12 months ending Apr 2026; rows note exceptions.
335,Wellard,6170,15.7,775000,6.2,690,https://reiwa.com.au/suburb/wellard/,verified_REIWA_quick_stats,REIWA quick stats.,REIWA suburb quick stats. Sales data is annual up to latest completed month; rental data is year-on-year 3-month rolling up to latest completed month. Most pages accessed 21 May 2026 with 12 months ending Apr 2026; rows note exceptions.
336,Welshpool,6106,,,,,https://reiwa.com.au/suburb/welshpool/,verified_REIWA_NA,REIWA quick stats showed insufficient/NA house data.,REIWA suburb quick stats. Sales data is annual up to latest completed month; rental data is year-on-year 3-month rolling up to latest completed month. Most pages accessed 21 May 2026 with 12 months ending Apr 2026; rows note exceptions.
337,Wembley Downs,6019,2.6,1930000,-2.4,1000,https://reiwa.com.au/suburb/wembley-downs/,verified_REIWA_quick_stats,REIWA quick stats; rounded values converted from K/M display where applicable.,REIWA suburb quick stats. Sales data is annual up to latest completed month; rental data is year-on-year 3-month rolling up to latest completed month. Most pages accessed 21 May 2026 with 12 months ending Apr 2026; rows note exceptions.
338,Wembley,6014,8.3,1940000,0.6,900,https://reiwa.com.au/suburb/wembley/,verified_REIWA_quick_stats,REIWA quick stats; rounded values converted from K/M display where applicable.,REIWA suburb quick stats. Sales data is annual up to latest completed month; rental data is year-on-year 3-month rolling up to latest completed month. Most pages accessed 21 May 2026 with 12 months ending Apr 2026; rows note exceptions.
339,West Leederville,6007,0.3,1930000,-12.2,922,https://reiwa.com.au/suburb/west-leederville/,verified_REIWA_quick_stats,REIWA quick stats; rounded values converted from K/M display where applicable.,REIWA suburb quick stats. Sales data is annual up to latest completed month; rental data is year-on-year 3-month rolling up to latest completed month. Most pages accessed 21 May 2026 with 12 months ending Apr 2026; rows note exceptions.
340,West Perth,6005,14.5,1460000,1.3,760,https://reiwa.com.au/suburb/west-perth/,verified_REIWA_quick_stats,REIWA quick stats; rounded values converted from K/M display where applicable.,REIWA suburb quick stats. Sales data is annual up to latest completed month; rental data is year-on-year 3-month rolling up to latest completed month. Most pages accessed 21 May 2026 with 12 months ending Apr 2026; rows note exceptions.
341,West Swan,6055,-3.3,1220000,,,https://reiwa.com.au/suburb/west-swan/,verified_REIWA_quick_stats,REIWA quick stats showed insufficient/NA house rental data.,REIWA suburb quick stats. Sales data is annual up to latest completed month; rental data is year-on-year 3-month rolling up to latest completed month. Most pages accessed 21 May 2026 with 12 months ending Apr 2026; rows note exceptions.
342,Westminster,6061,18.0,779000,10.3,750,https://reiwa.com.au/suburb/westminster/,verified_REIWA_quick_stats,REIWA quick stats.,REIWA suburb quick stats. Sales data is annual up to latest completed month; rental data is year-on-year 3-month rolling up to latest completed month. Most pages accessed 21 May 2026 with 12 months ending Apr 2026; rows note exceptions.
343,Whitby,6123,14.8,775000,-4.3,660,https://reiwa.com.au/suburb/whitby/,verified_REIWA_quick_stats,REIWA quick stats.,REIWA suburb quick stats. Sales data is annual up to latest completed month; rental data is year-on-year 3-month rolling up to latest completed month. Most pages accessed 21 May 2026 with 12 months ending Apr 2026; rows note exceptions.
344,White Gum Valley,6162,16.3,1570000,-10.2,880,https://reiwa.com.au/suburb/white-gum-valley/,verified_REIWA_quick_stats,REIWA quick stats; rounded values converted from K/M display where applicable.,REIWA suburb quick stats. Sales data is annual up to latest completed month; rental data is year-on-year 3-month rolling up to latest completed month. Most pages accessed 21 May 2026 with 12 months ending Apr 2026; rows note exceptions.
345,Whiteman,6068,,,,,https://reiwa.com.au/suburb/whiteman/,verified_REIWA_NA,REIWA quick stats showed insufficient/NA house data.,REIWA suburb quick stats. Sales data is annual up to latest completed month; rental data is year-on-year 3-month rolling up to latest completed month. Most pages accessed 21 May 2026 with 12 months ending Apr 2026; rows note exceptions.
346,Willagee,6156,3.9,1000000,21.4,880,https://reiwa.com.au/suburb/willagee/,verified_REIWA_quick_stats,REIWA quick stats.,REIWA suburb quick stats. Sales data is annual up to latest completed month; rental data is year-on-year 3-month rolling up to latest completed month. Most pages accessed 21 May 2026 with 12 months ending Apr 2026; rows note exceptions.
347,Willetton,6155,10.6,1382500,10.7,830,https://reiwa.com.au/suburb/willetton/,verified_REIWA_quick_stats,REIWA quick stats; exact median price taken from suburb prices section.,REIWA suburb quick stats. Sales data is annual up to latest completed month; rental data is year-on-year 3-month rolling up to latest completed month. Most pages accessed 21 May 2026 with 12 months ending Apr 2026; rows note exceptions.
348,Wilson,6107,14.5,950000,1.7,737,https://reiwa.com.au/suburb/wilson/,verified_REIWA_quick_stats,REIWA quick stats.,REIWA suburb quick stats. Sales data is annual up to latest completed month; rental data is year-on-year 3-month rolling up to latest completed month. Most pages accessed 21 May 2026 with 12 months ending Apr 2026; rows note exceptions.
349,Winthrop,6150,11.2,1735000,11.1,1000,https://reiwa.com.au/suburb/winthrop/,verified_REIWA_quick_stats,REIWA quick stats; exact median price taken from suburb prices section.,REIWA suburb quick stats. Sales data is annual up to latest completed month; rental data is year-on-year 3-month rolling up to latest completed month. Most pages accessed 21 May 2026 with 12 months ending Apr 2026; rows note exceptions.
350,Woodbridge,6056,18.6,994000,28.2,1000,https://reiwa.com.au/suburb/woodbridge/,verified_REIWA_quick_stats,REIWA quick stats.,REIWA suburb quick stats. Sales data is annual up to latest completed month; rental data is year-on-year 3-month rolling up to latest completed month. Most pages accessed 21 May 2026 with 12 months ending Apr 2026; rows note exceptions.
351,Woodlands,6018,22.3,1980000,15.4,825,https://reiwa.com.au/suburb/woodlands/,verified_REIWA_quick_stats,REIWA quick stats; rounded values converted from K/M display where applicable.,REIWA suburb quick stats. Sales data is annual up to latest completed month; rental data is year-on-year 3-month rolling up to latest completed month. Most pages accessed 21 May 2026 with 12 months ending Apr 2026; rows note exceptions.
352,Woodvale,6026,20.8,1270000,14.5,945,https://reiwa.com.au/suburb/woodvale/,verified_REIWA_quick_stats,REIWA quick stats; rounded values converted from K/M display where applicable.,REIWA suburb quick stats. Sales data is annual up to latest completed month; rental data is year-on-year 3-month rolling up to latest completed month. Most pages accessed 21 May 2026 with 12 months ending Apr 2026; rows note exceptions.
353,Wooroloo,6558,10.3,670000,12.5,675,https://reiwa.com.au/suburb/wooroloo/,verified_REIWA_quick_stats,REIWA quick stats. REIWA page used 12 months ending March 2026 for this suburb.,REIWA suburb quick stats. Sales data is annual up to latest completed month; rental data is year-on-year 3-month rolling up to latest completed month. Most pages accessed 21 May 2026 with 12 months ending Apr 2026; rows note exceptions.
354,Wungong,6112,,,,,https://reiwa.com.au/suburb/wungong/,verified_REIWA_NA,REIWA quick stats showed insufficient/NA house data.,REIWA suburb quick stats. Sales data is annual up to latest completed month; rental data is year-on-year 3-month rolling up to latest completed month. Most pages accessed 21 May 2026 with 12 months ending Apr 2026; rows note exceptions.
355,Yanchep,6035,12.6,794000,4.8,650,https://reiwa.com.au/suburb/yanchep/,verified_REIWA_quick_stats,REIWA quick stats.,REIWA suburb quick stats. Sales data is annual up to latest completed month; rental data is year-on-year 3-month rolling up to latest completed month. Most pages accessed 21 May 2026 with 12 months ending Apr 2026; rows note exceptions.
356,Yangebup,6164,16.3,926250,15.4,750,https://reiwa.com.au/suburb/yangebup/,verified_REIWA_quick_stats,REIWA quick stats; exact median price taken from suburb prices section.,REIWA suburb quick stats. Sales data is annual up to latest completed month; rental data is year-on-year 3-month rolling up to latest completed month. Most pages accessed 21 May 2026 with 12 months ending Apr 2026; rows note exceptions.
357,Yokine,6060,28.4,1258000,21.4,850,https://reiwa.com.au/suburb/yokine/,verified_REIWA_quick_stats,REIWA quick stats; exact median price taken from suburb prices section.,REIWA suburb quick stats. Sales data is annual up to latest completed month; rental data is year-on-year 3-month rolling up to latest completed month. Most pages accessed 21 May 2026 with 12 months ending Apr 2026; rows note exceptions.
